"15-08-2020 10:32:37am",113c48263202650e22e6631d27dcb1bb,areastat_6,1,5,areastat_7,1,5,fake_16,1,5,fake_17,1,5,fake_18,1,5,google_16,2,5,google_17,1,5,google_18,1,5,faq_16,1,5,faq_17,1,5
"15-08-2020 10:32:45am",c1c7eab37981eefb709af854dc7cac0e,areastat_8,3,4,areastat_9,4,4,fake_15,3,4,fake_16,4,4,fake_17,4,4,google_10,3,4,google_11,3,4,google_12,3,4,faq_19,3,5,faq_1,3,5
"15-08-2020 10:47:33am",4e73e5ade9e95fb7eee674e5daf0a7f2,areastat_5,1,5,areastat_6,1,5,fake_6,1,5,fake_7,1,5,fake_8,1,5,google_19,1,5,google_20,1,5,google_21,1,5,faq_18,1,5,faq_19,1,5
"15-08-2020 10:52:24am",87a407ed32d2c81d6e0faaac03fbfdb9,areastat_8,1,4,areastat_9,1,4,fake_13,4,3,fake_14,4,2,fake_15,3,3,google_16,2,4,google_17,1,4,google_18,1,4,faq_14,2,2,faq_15,2,3
"15-08-2020 11:06:16am",7c581bf0fbad5edaa339be7b7763e91e,areastat_8,1,3,areastat_9,1,4,fake_5,4,1,fake_6,4,1,fake_7,4,1,google_28,4,1,google_1,1,5,google_2,3,3,faq_9,2,4,faq_10,2,4
"15-08-2020 11:31:53am",b16e897b1c45a99c366a7610cb8919bf,areastat_8,1,5,areastat_9,1,4,fake_7,1,4,fake_8,1,5,fake_9,5,2,google_28,1,4,google_1,1,5,google_2,1,5,faq_16,1,4,faq_17,1,3
"15-08-2020 11:32:51am",a807cf92227b278814215af080789cac,areastat_3,1,5,areastat_4,1,5,fake_10,1,5,fake_11,1,5,fake_12,1,5,google_5,1,5,google_6,1,5,google_7,1,4,faq_14,1,1,faq_15,1,3
"15-08-2020 11:49:02am",17fcbb6c9ca92fdd3e9151928a74c99a,areastat_2,3,3,areastat_3,3,5,fake_13,5,2,fake_14,5,3,fake_15,5,3,google_26,5,3,google_27,2,5,google_28,5,3,faq_6,2,4,faq_7,3,5
"15-08-2020 12:07:39pm",d2354f5683b78337588d788065f8bc8c,areastat_5,3,5,areastat_6,3,3,fake_3,5,5,fake_4,5,5,fake_5,3,5,google_11,4,5,google_12,4,5,google_13,4,5,faq_19,4,5,faq_1,3,5
"15-08-2020 12:43:54pm",d4698ce829c7575a4c4ac745d83c740b,areastat_3,2,5,areastat_4,2,5,fake_21,3,4,fake_22,4,4,fake_23,4,2,google_1,1,5,google_2,3,5,google_3,2,4,faq_18,1,5,faq_19,4,5
"15-08-2020 12:53:08pm",32c37ef94d7809e48a5cc923f793478e,areastat_3,2,5,areastat_4,2,5,fake_3,1,5,fake_4,2,5,fake_5,2,5,google_3,2,5,google_4,2,5,google_5,2,5,faq_3,2,5,faq_4,2,5
"15-08-2020 12:57:43pm",d666c70e6326654551eb7e68968171c3,areastat_10,5,5,areastat_1,5,5,fake_18,5,5,fake_19,5,5,fake_20,5,5,google_26,5,5,google_27,5,5,google_28,5,5,faq_15,5,5,faq_16,5,5
"15-08-2020 01:07:15pm",5bb745c834ad234c79c8d08b131affff,areastat_1,4,5,areastat_2,4,5,fake_22,4,4,fake_23,4,3,fake_1,1,5,google_7,1,3,google_8,1,4,google_9,1,4,faq_15,1,3,faq_16,1,4
"15-08-2020 01:26:06pm",3b6560e2162eee033bae0a70d847d506,areastat_10,5,5,areastat_1,1,5,fake_12,5,5,fake_13,4,4,fake_14,5,4,google_10,3,4,google_11,1,5,google_12,1,5,faq_17,4,4,faq_18,1,5
"15-08-2020 01:41:47pm",d679421ab83dc350390b4637d3befbef,areastat_8,3,5,areastat_9,3,5,fake_16,4,3,fake_17,3,5,fake_18,3,5,google_24,3,5,google_25,3,5,google_26,3,5,faq_13,3,5,faq_14,3,5
"15-08-2020 02:05:17pm",0e6d5446f54657434f6b152c88612909,areastat_1,2,4,areastat_2,2,4,fake_23,4,2,fake_1,3,3,fake_2,2,4,google_21,1,4,google_22,1,3,google_23,1,4,faq_9,3,4,faq_10,3,4
"15-08-2020 02:26:06pm",b1a30228bf4adecbd71f123b8c0ad410,areastat_6,1,5,areastat_7,1,5,fake_7,1,5,fake_8,1,5,fake_9,1,5,google_20,1,3,google_21,1,3,google_22,1,5,faq_19,1,5,faq_1,1,5
"15-08-2020 02:26:08pm",6c4db3ff87ccffcf245e2f213f3a2e76,areastat_5,1,5,areastat_6,1,5,fake_9,1,5,fake_10,1,5,fake_11,1,5,google_27,1,5,google_28,1,5,google_1,1,5,faq_17,1,5,faq_18,1,5
"15-08-2020 02:30:47pm",c8d6558109613bcfeaea37da849c5b92,areastat_9,1,5,areastat_10,1,5,fake_17,1,5,fake_18,1,4,fake_19,1,5,google_25,1,4,google_26,1,4,google_27,1,4,faq_14,1,3,faq_15,3,3
"15-08-2020 02:32:53pm",1b1cb7ba21af65c423d84497857d24d9,areastat_3,1,5,areastat_4,2,5,fake_23,3,3,fake_1,3,3,fake_2,2,5,google_23,2,4,google_24,3,4,google_25,1,4,faq_4,1,5,faq_5,1,5
"15-08-2020 02:38:58pm",abace2de29ef37e010b52a5ac95c40f2,areastat_2,1,5,areastat_3,1,5,fake_17,1,5,fake_18,1,3,fake_19,1,5,google_20,1,5,google_21,1,5,google_22,1,5,faq_18,1,5,faq_19,1,5
"15-08-2020 03:13:11pm",d5434c160927d0444aafccd5ba275d80,areastat_2,1,5,areastat_3,1,5,fake_10,2,5,fake_11,4,3,fake_12,3,4,google_18,4,2,google_19,3,4,google_20,4,4,faq_7,3,4,faq_8,4,3
"15-08-2020 04:07:53pm",941dea2b297f268fc805311a82964cc6,areastat_2,2,5,areastat_3,1,5,fake_16,5,5,fake_17,1,5,fake_18,2,5,google_6,1,5,google_7,1,5,google_8,2,5,faq_5,1,5,faq_6,1,5
"15-08-2020 04:30:57pm",70a51b8b1d59e2488baf73605be38098,areastat_4,5,5,areastat_5,1,5,fake_16,2,4,fake_17,3,5,fake_18,1,5,google_14,1,5,google_15,2,5,google_16,2,4,faq_2,2,5,faq_3,2,5
"15-08-2020 05:40:00pm",22239de8cf0b06613c43caca0290e8be,areastat_8,3,3,areastat_9,1,4,fake_6,1,4,fake_7,1,4,fake_8,1,4,google_14,1,4,google_15,1,4,google_16,1,4,faq_3,1,4,faq_4,1,5
"15-08-2020 06:58:25pm",cdccbe1102adbf198968a2251f2d8176,areastat_9,1,4,areastat_10,2,5,fake_13,3,3,fake_14,4,3,fake_15,4,3,google_3,1,4,google_4,2,5,google_5,4,3,faq_2,1,5,faq_3,1,5
"15-08-2020 07:48:26pm",e5313073838f8e46f7b129ad531a36b5,areastat_5,1,3,areastat_6,1,3,fake_10,2,4,fake_11,2,4,fake_12,3,2,google_13,1,1,google_14,1,4,google_15,1,4,faq_11,1,4,faq_12,1,3
"15-08-2020 08:03:35pm",1eda74c8dcc552d8ff87af7f19258781,areastat_7,3,5,areastat_8,3,5,fake_22,4,5,fake_23,5,3,fake_1,4,4,google_25,4,4,google_26,3,5,google_27,2,4,faq_4,4,3,faq_5,5,4
"16-08-2020 12:01:55am",fc2c27d96d22a4206e942ac64abe579f,areastat_10,1,4,areastat_1,2,5,fake_21,5,2,fake_22,5,5,fake_23,5,5,google_6,2,5,google_7,1,5,google_8,3,5,faq_14,3,5,faq_15,2,4
"16-08-2020 12:51:54am",5dbdaab82cd6c63bffd0e8c753f2de3a,areastat_1,1,5,areastat_2,1,5,fake_12,4,3,fake_13,2,3,fake_14,4,4,google_25,1,4,google_26,1,4,google_27,2,3,faq_5,2,5,faq_6,2,5
"16-08-2020 01:17:45am",6b6e141865e9b5c03dc9b05925e3c55f,areastat_3,2,5,areastat_4,2,5,fake_1,2,4,fake_2,4,4,fake_3,3,4,google_9,3,5,google_10,4,4,google_11,4,4,faq_17,5,5,faq_18,4,3
"16-08-2020 01:18:42am",6b6e141865e9b5c03dc9b05925e3c55f,areastat_3,4,4,areastat_4,4,5,fake_1,3,2,fake_2,3,5,fake_3,5,4,google_9,4,3,google_10,3,5,google_11,2,2,faq_17,4,4,faq_18,4,3
"16-08-2020 01:26:33am",ea6ec105c019888294f8a4a4d9fc538b,areastat_5,1,5,areastat_6,1,5,fake_7,1,5,fake_8,1,5,fake_9,1,5,google_5,1,5,google_6,1,5,google_7,1,5,faq_12,1,5,faq_13,1,5
"16-08-2020 05:08:34am",b24160b11909697af4100a267d008074,areastat_4,5,5,areastat_5,4,5,fake_8,4,4,fake_9,4,5,fake_10,4,5,google_26,5,5,google_27,5,4,google_28,5,5,faq_16,5,4,faq_17,4,5
"16-08-2020 07:48:12am",6191c6fbf0bf09b390d0b69774113544,areastat_7,4,5,areastat_8,5,5,fake_5,5,3,fake_6,5,5,fake_7,5,3,google_13,3,3,google_14,3,3,google_15,4,4,faq_2,3,4,faq_3,5,3
"16-08-2020 11:38:56am",02a31c98aeb9bdc97e35d50a3245e580,areastat_8,3,5,areastat_9,4,5,fake_10,4,5,fake_11,3,5,fake_12,4,5,google_8,4,5,google_9,4,5,google_10,4,5,faq_15,4,5,faq_16,3,5
"16-08-2020 01:09:18pm",66a920394fee4f7254ff61a16ef6457d,areastat_4,2,5,areastat_5,2,5,fake_9,4,4,fake_10,4,5,fake_11,2,4,google_12,2,5,google_13,2,4,google_14,1,5,faq_10,3,3,faq_11,4,4
"16-08-2020 04:18:18pm",451bcda2c0d700b2c82a8bd9a21067f2,areastat_4,2,5,areastat_5,2,4,fake_19,3,4,fake_20,3,4,fake_21,4,2,google_22,3,5,google_23,3,4,google_24,3,3,faq_1,3,4,faq_2,2,5
"16-08-2020 05:05:38pm",7f697b01661b41b9cc3d3627b83360b3,areastat_9,3,5,areastat_10,1,5,fake_6,1,5,fake_7,1,5,fake_8,1,3,google_1,1,5,google_2,1,5,google_3,5,5,faq_10,1,5,faq_11,1,5
"17-08-2020 12:39:58am",27adfb2e61241141d1ae24951e81dfaa,areastat_7,1,5,areastat_8,1,5,fake_6,5,5,fake_7,5,2,fake_8,4,4,google_27,1,5,google_28,2,5,google_1,1,5,faq_15,1,5,faq_16,2,5
"17-08-2020 04:01:26pm",7361900256f63224840c68743252fbe5,areastat_3,3,4,areastat_4,3,5,fake_18,2,3,fake_19,3,4,fake_20,4,4,google_21,2,5,google_22,1,4,google_23,2,4,faq_19,3,5,faq_1,1,5
"17-08-2020 04:05:03pm",7361900256f63224840c68743252fbe5,areastat_3,2,4,areastat_4,3,5,fake_18,1,4,fake_19,2,5,fake_20,1,4,google_21,1,5,google_22,2,4,google_23,1,5,faq_19,3,5,faq_1,2,4
"17-08-2020 04:08:30pm",ea93f8d81615205775f81895f68bf91c,areastat_5,5,5,areastat_6,1,5,fake_2,1,5,fake_3,5,5,fake_4,3,4,google_25,2,5,google_26,1,5,google_27,1,5,faq_6,2,4,faq_7,1,5
"17-08-2020 04:12:49pm",bcb86c38321dcfdc9fd9743401e98567,areastat_3,2,5,areastat_4,2,4,fake_4,3,5,fake_5,3,4,fake_6,4,4,google_17,4,5,google_18,2,5,google_19,2,5,faq_16,1,5,faq_17,1,3
"17-08-2020 04:40:08pm",7e8222a01df43d028d0946ae60034118,areastat_6,2,4,areastat_7,2,3,fake_17,4,2,fake_18,4,2,fake_19,4,2,google_2,2,2,google_3,4,2,google_4,2,4,faq_10,3,4,faq_11,2,4
"17-08-2020 04:56:06pm",56ea1404d555db7882f19493db6a2101,areastat_10,2,4,areastat_1,2,4,fake_15,2,2,fake_16,4,4,fake_17,2,4,google_18,2,4,google_19,2,4,google_20,2,4,faq_16,2,4,faq_17,2,4
"17-08-2020 05:13:39pm",42e0a96c6398e541ef1b2daef856a815,areastat_10,2,4,areastat_1,1,5,fake_5,4,2,fake_6,3,3,fake_7,4,2,google_8,1,5,google_9,2,2,google_10,1,5,faq_6,2,4,faq_7,5,3
"17-08-2020 07:56:32pm",0c88a11866c33d0f4a11fbeb0a42761c,areastat_1,1,5,areastat_2,1,5,fake_1,1,4,fake_2,4,5,fake_3,5,5,google_1,1,5,google_2,2,5,google_3,3,5,faq_1,1,5,faq_2,1,5
"17-08-2020 09:29:05pm",bf383f424dc401f80be82bc2ef7fb661,areastat_7,2,5,areastat_8,1,5,fake_8,2,5,fake_9,2,5,fake_10,2,4,google_21,1,5,google_22,1,5,google_23,1,5,faq_1,1,5,faq_2,1,5
"17-08-2020 09:45:45pm",83da000e6d54b3546e9d23ae19da25bf,areastat_7,1,4,areastat_8,1,5,fake_7,2,4,fake_8,3,3,fake_9,4,4,google_7,1,4,google_8,1,5,google_9,1,4,faq_7,1,5,faq_8,2,5
"17-08-2020 11:56:20pm",f5493a8e293336068b5cd0c7123db443,areastat_9,1,5,areastat_10,1,5,fake_1,1,5,fake_2,4,5,fake_3,5,4,google_27,2,5,google_28,4,5,google_1,4,5,faq_6,2,5,faq_7,1,5
"18-08-2020 09:58:01am",ce32e170098e932565ba59cc0b1ce2d7,areastat_9,1,4,areastat_10,1,5,fake_8,2,4,fake_9,2,4,fake_10,4,2,google_1,1,5,google_2,1,5,google_3,1,3,faq_17,1,4,faq_18,1,4
"19-08-2020 07:14:57pm",352b63bab101a65d86c31be72fe1ad91,areastat_5,5,4,areastat_6,3,4,fake_20,5,5,fake_21,4,4,fake_22,4,4,google_23,4,4,google_24,4,4,google_25,4,4,faq_2,2,5,faq_3,3,5
"19-08-2020 07:26:32pm",47c273a0d7bcd73a4e6b046c5fa85a69,areastat_9,1,4,areastat_10,2,4,fake_11,2,3,fake_12,3,3,fake_13,4,3,google_9,3,3,google_10,3,3,google_11,2,4,faq_16,2,4,faq_17,2,3
"19-08-2020 08:04:40pm",73116f5acc053eba428911bdb17697fa,areastat_2,2,4,areastat_3,1,5,fake_2,3,5,fake_3,3,5,fake_4,3,5,google_2,3,5,google_3,3,5,google_4,3,5,faq_2,2,5,faq_3,2,5
"19-08-2020 08:49:46pm",a1056bef79efac6eedfe0bcc9a7855e8,areastat_5,1,5,areastat_6,1,5,fake_19,1,5,fake_20,1,5,fake_21,1,5,google_9,1,5,google_10,1,5,google_11,1,5,faq_8,1,5,faq_9,1,5
"19-08-2020 09:58:25pm",2e7325f9fa4401c7af2cb82ddaed36df,areastat_5,2,4,areastat_6,2,4,fake_13,3,4,fake_14,4,2,fake_15,3,3,google_21,3,3,google_22,3,3,google_23,3,4,faq_10,3,4,faq_11,3,4
"19-08-2020 10:22:24pm",e515e7fe7b2f2963b026d37597e52f82,areastat_6,1,5,areastat_7,1,5,fake_6,1,5,fake_7,1,3,fake_8,1,5,google_6,1,5,google_7,1,2,google_8,1,5,faq_6,1,5,faq_7,1,5
"20-08-2020 09:51:26am",e6b84af628ea1da50f97c708b83edaed,areastat_7,3,5,areastat_8,3,5,fake_14,2,5,fake_15,3,4,fake_16,3,5,google_9,2,4,google_10,4,4,google_11,3,4,faq_18,2,5,faq_19,2,5
"20-08-2020 11:38:45am",3d2a4cfbb24e1c06c7e7ee6439aa6830,areastat_9,1,4,areastat_10,1,5,fake_20,2,4,fake_21,4,2,fake_22,4,3,google_5,1,5,google_6,1,5,google_7,1,4,faq_13,2,5,faq_14,3,2
"20-08-2020 12:07:47pm",f7adfcfe06ddc94c3d1eaa9d348c2e23,areastat_1,2,4,areastat_2,1,5,fake_5,2,3,fake_6,2,4,fake_7,2,4,google_23,2,5,google_24,1,5,google_25,1,4,faq_13,2,5,faq_14,2,4
"20-08-2020 02:53:48pm",0659cc2590b60febaf85d43bc691ef92,areastat_1,3,3,areastat_2,3,4,fake_6,3,4,fake_7,3,4,fake_8,3,4,google_9,3,4,google_10,4,4,google_11,4,3,faq_7,3,4,faq_8,4,4
"20-08-2020 03:16:47pm",1d36230f8a7e2d92793badb8d8d874b2,areastat_2,3,4,areastat_3,2,4,fake_20,2,4,fake_21,2,5,fake_22,3,4,google_28,2,4,google_1,2,4,google_2,1,5,faq_17,2,4,faq_18,2,4
"20-08-2020 07:20:48pm",5031cba5817328ff82883df2dae80b6a,areastat_7,1,5,areastat_8,1,5,fake_9,1,5,fake_10,1,5,fake_11,1,5,google_7,5,1,google_8,1,5,google_9,1,5,faq_14,1,5,faq_15,1,5
