    {
  "intents": [
    {
      "tag": "greeting",
      "patterns": [
        "Hi",
        "How are you",
        "Is anyone there?",
        "Hello",
        "Good day",
        "Whats up",
        "What's your name",
        "Are u AI"
      ],
      "responses": [
        "Hello!",
        "Good to see you again!",
        "Hi there, how can I help?"
      ],
      "context_set": ""
    },
    {
      "tag": "goodbye",
      "patterns": [
        "cya",
        "See you later",
        "Goodbye",
        "I am Leaving",
        "Have a Good day",
        "Thank you",
        "Thanks",
        "bye",
        "so long",
        "bye bye",
        "Stop",
        "Good night Satyanweshi"
      ],
      "responses": [
        "Sad to see you go :(",
        "Talk to you later",
        "Goodbye!"
      ],
      "context_set": ""
    },
    {
      "tag": "fake news detection",
      "patterns": [
        "Dawood Ibrahim died of corona.",
        "Hydroxychloroquine can cure corona",
        "Coronavirus started from usa",
        "Onion in shoes purifies blood",
        "Modi dead in car accident.",
        "Daud Ibrahim dead corona.",
        "Police in Jodhpur kneeled.",
        "Health minister says all 130 crore people cannot be tested.",
        "China made corona?",
        "Jodhpur cop kneeled.",
        "Pregnant elephant dies.",
        "Pregnant elephant died pineapple.",
        "Fake Maradona playing tennis ball.",
        "Maradona kicking juggling tennis ball.",
        "Can ginger treat COVID 19",
        "Alcohol treats corona virus",
        "Corona is decreasing in India",
        "Kim Jong dead",
        "Ginger cures covid",
        "20 minutes test kits for covid 19",
        "Garlic kills coronavirus",
        "Modi WHO chairman",
        "Gorakhpur train goes to orissa",
        "Haldi protects from Corona",
        "Spacex fireball exploded",
        "Corona air transmitted",
        "Kanika kapoor died due to covid19",
        "Is mount kailash a pyramid made by aliens",
        "whether Wuhan Institute of Virology made the cov2 virus",
        "Alia Bhatt marries Ranbir Kapoor",
        "HCQ treats corona virus",
        "Ashwagandha cures covid",
        "China discovered vaccine of covid 19",
        "Coronavirus can be caused due to shaving",
        "Corona viruses doesn't affect vegetarian",
        "Ayurveda cures coronavirus",
        "In summer season corona virus will die",
        "Corona will get over in summer",
        "Corona vaccine is available in india",
        "Man never landed on moon",
        "Dawood Ibrahim died of corona.",
        "Daud Ibrahim dead corona",
        "Remdeisvier cures corona",
        "Putin put lions in the streets of Russia for lockdown",
        "Milk can cure corona patients",
        "Humans have 4 eyes",
        "Donald Trum got Corona positive?",
        "Arsenic cures corona",
        "Italy prime minister cried",
        "Home ministry told that Zoom app is not secure",
        "Corona Virus originated from Wuhan's Lab",
        "Haldi milk cures Covid 19",
        "Is aswangandha could a medicine for covid19",
        "Corona is hoax",
        "Warm water cures corona",
        "North korea Kim fake news",
        "covid19 only affects chinese",
        "Kanti ganguly dead",
        "Kanti biswas dead",
        "Kanpur in red zone",
        "Turmeric with milk boosts immunity against covid 19",
        "Lemon kills covid",
        "vitamin C cures coron",
        "Is West Bengal hiding Coronavirus deaths?",
        "Is North Korea killing the people having Coronavirus",
        "Was the Coronavirus made in Chinese labs?",
        "Does corona virus spread through water?",
        "indian government is paying 500 to everyone",
        "Can disinfectant cure corona",
        "Manmohan singh ill with corona",
        "apple investing 20 percent in india",
        "Power was cut in delhi to flee away the migrants",
        "China accuses us on HIV",
        "Tom Hanks died of covid",
        "qatar cancelled air india flight",
        "Narendra modi died?",
        "Covid 19 spreads through air conditioner",
        "Train service stopped till 30th June",
        "drinking alcohol prevents covid 19",
        "Eminem died of corona",
        "IITJEE deferred due to COVID 19",
        "Corona icmr prepares india vaccine",
        "70 passengers delhi bangalore refused quarantine sent back extra bogie",
        "China made corona?",
        "Flipkart and Ola hand together",
        "COVID cure garlic",
        "China brings lockdown again",
        "Iit Bombay suspend spring semester",
        "Baluchistan attacks pakistan on their land",
        "Trump claims vaccine of coronavirus",
        "dettol steam to clean corona virus from vegetables",
        "Rishi kapoor dies of corona",
        "kejriwal raped a girl in college",
        "Colleges to open in October",
        "Dr Amit Balesa is corona positive posted in jaswantpura CHC in jalore district of Rajasthan",
        "covid 19 is laboratory made",
        "surat people come to street for food during lockdown",
        "Covid 19 came from bats",
        "indian minister says covid 19 is laboratory made",
        "Modi dead in car accident.",
        "Smoking helps fight covid",
        "Coronavirus started from usa",
        "Corona vaccine is available in india",
        "Karnataka corona free",
        "If covid become inactive with in increasing temperature",
        "Kim Jong Un death",
        "Man never landed on moon",
        "Hindus slaughtered in Dum dum Park, Kolkata by Muslim migrant workers of Bangladesh. See photos in the next link!",
        "Onion in shoes purifies blood",
        "Trump death",
        "Covid-19 is prepare in wuhan lab",
        "Migrants fake news",
        "Mamata Banerjee died.",
        "Army major dies in handwara",
        "India Spy on Russia",
        "In summer season corona virus will die",
        "Corona will get over in summer",
        "Is covid from a Chinese lab?",
        "hey, I've heard the masters data science course at OVGU is haunted! Is it true?",
        "Low temperature is suitable for corona virus to spread more",
        "Is the Event 201 anyway linked to the Covid-19?",
        "Air-purifiers can protect you from the novel coronavirus",
        "25 lakh crore govt policy",
        "Hot water treats corona",
        "Is Biswaroop Roy Chaudhwry's Covid-19 claim correct?",
        "Is it true that hydroxychloroquine prevents covid?",
        "does hydroxychloroquine help with Corona?",
        "Can herbal tea cure covid 19",
        "Covid causes deafness",
        "Green tea boosts immunity against coronavirus",
        "Chaywanprash prevent corona",
        "Isopropyl alcohol helps to kill corona on surface",
        "Is Corona spreading through farts?",
        "Corona causes cancer",
        "Easting non-veg makes us more prone to Covid-19",
        "why nurses left kolkata",
        "Corona viruses doesn't affect vegetarian",
        "Ayurveda cures coronavirus",
        "Trump got Covid-19",
        "America will start war with China?",
        "Mithun Chakraborty dead",
        "Does home AC is harmful in this Covid-19 pandemic?",
        "Is Biswaroop Roy Chaudhwry a fraud",
        "parrots feeding on grain sacks india lockdown",
        "Virus vaccine might be available sooner than expected, claims Oxford University professor",
        "are antibiotics effective against coronavirus",
        "antibiotics cure coronavirus",
        "Any herbalist who claim they can cure covid 19",
        "heat kills covid",
        "Can disinfectant cure corona",
        "30% salary cut for indian central govt employees",
        "Can tea cure corona",
        "staying at home compromises immune system",
        "Indian railways refunded ticket price after deducting cancellation charges",
        "muslim vendor fruit licking",
        "US claims to have discovered vaccine of covid 19",
        "India is under indefinite lockdown",
        "indians will get 15 lakh",
        "is covid 19 man made",
        "covid 19 made in laboratory in china",
        "Police in Jodhpur kneeled.",
        "Coronavirus anti drug ashwagandha",
        "IITJEE deferred due to covid 19",
        "japanese noble laurette statement on corona virus",
        "Health minister says all 130 crore people cannot be tested.",
        "Jodhpur cop kneeled.",
        "Pregnant elephant dies.",
        "Narendra Modi is dead",
        "China discovered vaccine of covid 19",
        "Coronavirus can be caused due to shaving",
        "mustered oil cures covid",
        "Andhrapradesh doctor harrashed true?",
        "Pregnant elephant died pineapple.",
        "Fake Maradona playing tennis ball.",
        "Maradona kicking juggling tennis ball.",
        "Can ginger treat COVID 19",
        "Alcohol treats corona virus",
        "Corona is decreasing in India",
        "Kim Jong dead",
        "Ginger cures covid",
        "20 minutes test kits for covid 19",
        "Garlic kills coronavirus",
        "Modi WHO chairman",
        "Woman says do anything you want with me in Ahmedabad",
        "Gorakhpur train goes to orissa",
        "Ufo declassified by us",
        "Kim jong died",
        "WHO doesn't recommend sanitization by spray",
        "Haldi protects from Corona",
        "Drinking alcohol prevents covid",
        "Spacex fireball exploded",
        "Corona air transmitted",
        "Kanika kapoor died due to covid19",
        "Is mount kailash a pyramid made by aliens",
        "whether Wuhan Institute of Virology made the cov2 virus",
        "Alia Bhatt marries Ranbir Kapoor",
        "HCQ treats corona virus",
        "Hydroxychloroquine can cure corona",
        "Ashwagandha cures covid",
        "Corona virus is artificial",
        "Corona can be cured by cow urine",
        "bill and melinda gates kicked out of india",
        "zee news employees infected by corona",
        "the employer is not bound to provide ventilation, lighting, toilet, sitting facilities",
        "the employer is not bound to provide ventilation, lighting, water",
        "In italy, the coronavirus remedy was finally found"
      ],
      "responses": [
        "fake"
      ],
      "context_set": ""
    },
    {
      "tag": "FAQ",
      "patterns": [
        "How to survive from coronavirus.",
        "What lifestyle to follow to stay safe from COVID-19",
        "Can people older than 60 survive coronavirus",
        "Can dettol antiseptic liquid kill Corona virus?",
        "How to increase immunity against Corona?",
        "How to avoid corona",
        "Air purifiers can protect from corona",
        "can a 70 years old person get infected during morning walk",
        "If a 70 + person want to have morning walk for 45 mins. as advised by Dr. ,with full precautions  of mask etc. during this lockdown period ,can he be infected to COVID 19 social distancing to be kept.Pl guide",
        "Can coronavirus enter through ears",
        "How to survive from coronavirus.",
        "What lifestyle to follow to stay safe from COVID-19",
        "Can people older than 60 survive coronavirus",
        "Covid 19 protection measures",
        "can a 70 years old person get infected during morning walk",
        "If a 70 + person want to have morning walk for 45 mins. as advised by Dr. ,with full precautions  of mask etc. during this lockdown period ,can he be infected to COVID 19 social distancing to be kept.Pl guide",
        "How to remain protected against coronavirus",
        "Can dettol antiseptic liquid kill Corona virus?",
        "How to increase immunity against Corona?",
        "How to avoid corona",
        "Can coronavirus enter through ears",
        "staying at home compromises immune system",
        "Increasing immunity prevents corona",
        "Green tea boosts immunity against coronavirus",
        "Air purifiers can protect from corona",
        "Immunity is greatly weakened by always staying in a sterile environment. Even if you eat immunity boosting foods, please go out of your house regularly to any park/beach.",
        "Immunity is increased by EXPOSURE TO PATHOGENS, not by sitting at home and consuming fried/spicy/sugary food and aerated drinks.",
        "Alcohol treats corona virus",
        "How to increase immunity against Corona?",
        "Can dettol antiseptic liquid kill Corona virus?",
        "Doing exercise can prevent body from covid19 infection?",
        "Can corona spread through newspaper",
        "Does eating carrot prevents from corona virus",
        "Alcohol treats corona virus",
        "How to increase immunity against Corona?",
        "Does eating carrot prevents from corona virus",
        "dettol steam to clean corona virus from vegetables",
        "Increasing immunity prevents corona",
        "Covid 19 protection measures",
        "Vaccine available yet or not",
        "Whether mask is mandatory against corona",
        "Does Coronavirus spread through mobile phone",
        "How to remain protected against coronavirus",
        "Turmeric with milk boosts immunity against covid 19",
        "drinking alcohol prevents covid 19",
        "Doing exercise can prevent body from covid19 infection?",
        "Preventive measures for covid19",
        "Can dettol antiseptic liquid kill Corona virus?",
        "Revised guidelines for Home Isolation of very mild/pre-symptomatic COVID-19 cases",
        "Arsenicum album 30",
        "Easting non-veg makes us more prone to Covid-19",
        "Can corona spread through newspaper",
        "Immunity is greatly weakened by always staying in a sterile environment. Even if you eat immunity boosting foods, please go out of your house regularly to any park/beach.",
        "Immunity is increased by EXPOSURE TO PATHOGENS, not by sitting at home and consuming fried/spicy/sugary food and aerated drinks.",
        "Smoking helps fight covid",
        "Green tea boosts immunity against coronavirus",
        "Is a coronavirus vaccine available",
        "Isopropyl alcohol helps to kill corona on surface",
        "Chaywanprash prevent corona",
        "How can Covid-19 be transmitted in office",
        "Air-purifiers can protect you from the novel coronavirus",
        "Covid-19 vaccine found",
        "India us joint vaccine development",
        "staying at home compromises immune system",
        "What is the position of corona vaccine?",
        "WHO doesn't recommend sanitization by spray",
        "Drinking alcohol prevents covid",
        "Corona vaccine has been found",
        "Coronavirus anti drug ashwagandha",
        "Tell name material used for disinfect house",
        "What material is used to disinfect house by spraying",
        "Is pepper fight against corona virus?",
        "heat kills covid",
        "Does temperature rise of environment decreases the COVID-19 affectness?",
        "Can a person  two times corona postive once he get negative?",
        "Can a person two times corona postive once he get negative?",
        "Can a person test negative and later test positive for Covid-19?",
        "Can Covid-19 be caught from a person who has no symptoms?",
        "methanol cures corona virus",
        "Turmeric milk relieves covid19 symptoms",
        "Medicine for covid-19 patients.",
        "Haldi is good for health.",
        "Can ginger treat COVID 19",
        "Ginger cures covid",
        "Can dettol antiseptic liquid kill Corona virus?",
        "arsenic album 30 for Corona virus treatment",
        "hydroxychloroquine for Corona virus treatment",
        "Marijuana cures covid 19",
        "Hot water helps cure Covid 19",
        "Warm water wash kills COVID 19 in veg, & fruits",
        "Medicine for covid-19 patients.",
        "methanol cures corona virus",
        "Turmeric milk relieves covid19 symptoms.",
        "What is asymptomatic corona and how to identify it",
        "Is there a medicine for covid19",
        "COVID cure garlic",
        "Milk can cure corona patients",
        "Haldi milk cures Covid 19",
        "Remdeisvier cures corona",
        "Is aswangandha could a medicine for covid19",
        "Warm water wash kills COVID 19 in veg, & fruits",
        "Vaccine available yet or not",
        "Haldi is good for health.",
        "Warm water cures corona",
        "Marijuana cures covid 19",
        "Arsenic cures corona",
        "Lemon kills covid",
        "vitamin C cures coron",
        "Amit shah is suffering from bone cancer",
        "Licked notes being thrown on road to spread corona",
        "UNESCO declares indias national anthem as the best national anthem",
        "Can beating utensils kill corona",
        "How much longer it will to invent covid 19 vaccine",
        "Can disinfectant cure corona",
        "Smoking helps fight covid",
        "Ayurvedic covid medicine",
        "drinking alcohol prevents covid 19",
        "Hot water treats corona",
        "Hot water helps cure Covid 19",
        "Can herbal tea cure covid 19",
        "Any medicine which helps to kill corona virus?",
        "Chaywanprash prevent corona",
        "What remedies of coronavirus available?",
        "Hydroxy chloroquine",
        "Cure for covid-19",
        "Any herbalist who claim they can cure covid 19",
        "mustered oil cures covid",
        "Air-purifiers can protect you from the novel coronavirus",
        "Is cure of coronavirus available",
        "Is a coronavirus vaccine available",
        "are antibiotics effective against coronavirus",
        "Can disinfectant cure corona",
        "arsenic album 30 for Corona virus treatment",
        "India us joint vaccine development",
        "Can tea cure corona",
        "does hydroxychloroquine help with Corona?",
        "antibiotics cure coronavirus",
        "Corona can be cured by cow urine",
        "hydroxychloroquine for Corona virus treatment",
        "Can ginger treat COVID 19",
        "Coronavirus anti drug ashwagandha",
        "Ginger cures covid",
        "Can dettol antiseptic liquid kill Corona virus?",
        "Is it true that hydroxychloroquine prevents covid?",
        "Arsenicum album 30",
        "Covid-19 vaccine found",
        "What is the position of corona vaccine?",
        "Ayush Covid 19 cure",
        "Covid 19 treatment found",
        "Drinking alcohol prevents covid",
        "Corona vaccine has been found",
        "Is pepper fight against corona virus?",
        "COVID 19 is more dangerous than influenza",
        "What are the symptoms of covid 19",
        "How should I know if I\u2019m infected from covid 19",
        "Test kits for covid 19",
        "Size of coronavirus",
        "experiment done in Japan as to how the corona virus  spreads.",
        "Covid 19 affects food",
        "How to follow social distancing",
        "Speading mechanism of corona",
        "Tell me about corona",
        "how does covid-19 spread?",
        "Coronavirus vaccine development",
        "Some Facts about corona virus",
        "How many days Corona live on clothes",
        "Corona vaccine discovery",
        "How to travel with 1.2 year baby if assential during Covid19 disaster ???",
        "Homeopathy medicine for coronavirus",
        "COVID 19 is more dangerous than influenza",
        "What are the symptoms of covid 19",
        "Corona spreads in air",
        "What's the mortality rate for COVID?",
        "Corona is a pandemic?",
        "Does Coronavirus spread through mobile phone",
        "What is asymptomatic corona and how to identify it",
        "What is the cause of covid19",
        "Is cure of coronavirus available?",
        "How does coronavirus spread",
        "Does coronavirus spread through pets",
        "What is co-morbidity in COVID19",
        "Tell me about corona",
        "How to follow social distancing",
        "Does corona virus spread through water?",
        "What is Covid-19?",
        "How can I protect a child from Covid-19?",
        "How does coronavirus spread",
        "what is the revised guideline for asymptomatic home isolation",
        "Revised guidelines for Home Isolation of very mild/pre-symptomatic COVID-19 cases",
        "dettol steam to clean corona virus from vegetables",
        "Covid 19 spreads through air conditioner",
        "Some Facts about corona virus",
        "When was first corona virus found",
        "COVID 19 infected patients may not always have symptoms",
        "How to travel with 1.2 year baby if assential during Covid19 disaster ???",
        "How many days Corona live on clothes",
        "Corona vaccine discovery",
        "Homeopathy medicine for coronavirus",
        "what is covid",
        "What is corona",
        "How can Covid-19 be transmitted in office",
        "Speading mechanism of corona",
        "how does covid-19 spread?",
        "Covid 19 affects food",
        "Size of coronavirus",
        "Low temperature is suitable for corona virus to spread more",
        "Who recommendation about covid-19",
        "Covid-19 infection",
        "Isopropyl alcohol helps to kill corona on surface",
        "COVID 19 infected patients may not always have symptoms",
        "Easting non-veg makes us more prone to Covid-19",
        "Covid causes deafness",
        "Coronavirus vaccine development",
        "If covid become inactive with in increasing temperature",
        "Is Corona spreading through farts?",
        "how much longer do covid 19 virus last in plastic packets",
        "Can Covid-19 be caught from a person who has no symptoms?",
        "Does temperature rise of environment decreases the COVID-19 affectness?",
        "Symptoms of covid 19",
        "what are some symptoms of corona virus",
        "How does coronavirus spread",
        "How should I know if I\u2019m infected from covid 19",
        "Immunity is greatly weakened by always staying in a sterile environment. Even if you eat immunity boosting foods, please go out of your house regularly to any park/beach.",
        "Immunity is increased by EXPOSURE TO PATHOGENS, not by sitting at home and consuming fried/spicy/sugary food and aerated drinks.",
        "The virus is not a living organism, but a protein molecule (DNA) covered by a protective layer of lipid (fat), which, when absorbed by the cells of the ocular, nasal or buccal mucosa, changes their genetic code. (mutation) and convert them into aggressor and multiplier cells.",
        "Coronavirus death rate in 5%",
        "Test kits for covid 19",
        "Does home AC is harmful in this Covid-19 pandemic?",
        "experiment done in Japan as to how the corona virus  spreads.",
        "What are mutations of Covid-19?",
        "Mutations of Covid-19",
        "Can a person with no symptoms of Covid-19 infect others?",
        "Can Covid-19 be caught from a person who has no symptoms?",
        "How doea coronavirus spread",
        "WHO doesn't recommend sanitization by spray",
        "Covid 19 status",
        "Corona will not affect youngster",
        "Corona",
        "Did corona virus not survive in high temperature?",
        "Does corona spread through talking",
        "Can houseflies be corona carrier?"
      ],
      "responses": [
        "survive"
      ],
      "context_set": ""
    },
    {
      "tag": "areastat",
      "patterns": [
        "Numbers of cases in India.",
        "India covid-19 statistics.",
        "Corona is decreasing in India",
        "How many cases of covid 19 in india",
        "covid 19 cases in Kolkata",
        "Patients in India",
        "How many cases of corona are in Telangana",
        "Chennai Coimbatore coronavirus",
        "Corona india exact infected cased latest",
        "Present status of Covid 19 in india",
        "Death rate in USA due to covid",
        "Corona case in Lakhimpur Assam",
        "case in Assam",
        "corona case in sultanpur u.p",
        "Covid19 cases in latur maharashtra",
        "Karnataka covid-19 cases",
        "Corona India updates",
        "Current world wide coronavirus cases",
        "How many people died from covid-19 in india",
        "How many people died from covid-19 in US?",
        "Numbers of cases in India.",
        "How many people died from covid-19 in india",
        "How many people died from covid-19 in US?",
        "Number of cases in Telangana",
        "Current world wide coronavirus cases",
        "Which state in india has the most number of Covid-19 cases?",
        "How many Covid-19 patients are there in india?",
        "Deaths in india due to covid-19 is 200",
        "How many covid-19 testing centre in Odisha",
        "Covid in India growth",
        "Corona india exact infected cased latest",
        "Corona virus in kanpur.",
        "Corona Bangalore",
        "Kanpur in red zone",
        "What is the status of coronavirus spread in India",
        "how many death in india in covid 19 today",
        "Corona India updates",
        "Corona in india has 1 lakh cases",
        "Which country has no corona",
        "Bernie Sanders quit president election",
        "Orissa jajpur district red zone",
        "How many died due to corona in india",
        "Chennai Coimbatore coronavirus",
        "Karnataka covid-19 cases",
        "India covid-19 statistics.",
        "Covid19 cases in latur maharashtra",
        "What is India's covid case number?",
        "number of active acases on india",
        "Karnataka corona free",
        "Corona in orissa red zone",
        "Covid cases in Kolkata??",
        "covid cases in west Bengal",
        "Corona case in Lakhimpur Assam",
        "Covid mortality rate in Sweden",
        "Total covid cases in USA",
        "How many covid cases around the world",
        "Present status of Covid 19 in india",
        "Total Corona cases",
        "Corona case in Lakhimpur Assam",
        "Total cases of Corona",
        "number of deaths in india due to covid 19",
        "Patients in India",
        "No of deaths in India by covid 19",
        "Current number if covid cases in india",
        "Number of Corona patients in India today",
        "how many infected in covid 19 today india",
        "Corona is decreasing in India",
        "What is coronavirus statistics in india",
        "Coronavirus cases in Bihar?",
        "India's number of covid cases more than 1 lakh",
        "India crossed 1 lakh COVID cases",
        "Covid 19 status",
        "How many active Covid-19 case in surat",
        "Covid-19 india",
        "How many cases of corona are in Telangana",
        "Death rate in USA due to covid",
        "case in Assam",
        "corona case in sultanpur u.p",
        "Total cases"
      ],
      "responses": [
        "areastat"
      ],
      "context_set": ""
    },
    {
      "tag": "bot",
      "patterns": [
        "Who are you.",
        "What do you do.",
        "Show me your skills.",
        "Are u a bot",
        "What is your task",
        "What is your name",
        "What can you do for me?",
        "How to join satyanishi",
        "Who are you.",
        "What do you do.",
        "How to use",
        "Show me your skills.",
        "Are u a bot",
        "What is your task",
        "who made you",
        "Can you check reality of a forwarded document in pdf form?",
        "What is your name",
        "What can you do for me?",
        "Does your algorithm return two different results when run two times? It shouldn't be the case, right?",
        "Is it a fact news",
        "Can you tell me more about your business?",
        "Can you recommend something for me?",
        "Is it like assistant",
        "Satyanweshi",
        "Also, is the app, sort of dedicated to Byomkesh Bokshi?",
        "How to join satyanweshi"
      ],
      "responses": [
        "bot"
      ],
      "context_set": ""
    },
    {
      "tag": "spam",
      "patterns": [
        "Fuck off",
        "What the hell",
        "What the fuck",
        "Bullshit",
        "You suck",
        "WTF",
        "Wtf u can't detect images?",
        "love",
        "You can't help me",
        "Will I get a girlfriend",
        "Fuck off",
        "What the hell",
        "What the fuck",
        "Bullshit",
        "Love",
        "Damn",
        "Howle",
        "You suck",
        "Wtf u can't detect images?",
        "You can't help me",
        "Will I get a girlfriend"
      ],
      "responses": [
        "spam"
      ],
      "context_set": ""
    },
    {
      "tag": "news",
      "patterns": [
        "Four Persons Gang raped a child of 8 years in Tamil Nadu Names are Mohd.Noor Jahadson,zafir Hussain and Abdul Zafar.",
        "IIT KANPUR developing a vaccine for coronavirus",
        "Health minister says all 130 crore people cannot be tested.",
        "UP board result 2020.",
        "Police in Jodhpur kneeled.",
        "OK then can you please tell me is RNA best chain of this virus is disappearing like SARS 1",
        "Shocking video of a hungry man eating a dead dog's carcass on the road sparks outrage",
        "Jodhpur cop kneeled.",
        "Elephant died pineapple.",
        "Guwhati shillong road landslide",
        "Pregnant elephant dies.",
        "Pregnant elephant dies after eating pineapple crackers.",
        "Pregnant elephant died pineapple.",
        "Maradona kicking juggling tennis ball.",
        "N95 MUSK Vs. KN95 musk",
        "N95 MUSK VS KN95MUSK",
        "Is Nepal supporting china?",
        "Nisarg is more dangerous than Alpam",
        "Kevin carter suicide vultures",
        "Serum institute of India covid vaccine by October?",
        "Haryana border corona",
        "World going to be finished in 2020",
        "Kim Jong dead",
        "Pregnant elephant dies in Kerala",
        "Mitron app removed",
        "Natasha stankovic is pregnant.",
        "20 minutes test kits for covid 19",
        "Is Bill gates involve in spreading of corona viruinvoles ???",
        "Upsc civil services Prelims postponed",
        "Gujarat rainbow seen",
        "Priyadarshini Hakim got appointed as director in CESC",
        "Kanika kapoor infected from corona",
        "Nirmala sitaraman insults migrants",
        "Aviation minister has said international flights won't start until after August",
        "Difference between vipasana and dhyan",
        "bill and melinda gates kicked out of india",
        "In italy, the coronavirus remedy was finally found",
        "Pulwama attack today",
        "Courier services allowed  lockdown 4",
        "AirAsia I51621 ticket sold out",
        "Google purchased vodaphone",
        "Is samitri patra Hospitslized",
        "Uttrakhand wildfires is fake or not",
        "Ravish Kumar sharing the stage with Akhilesh Yadav and Mayawati",
        "Migrant workers in gujarat are turning out violent",
        "Chinese soldiers enter india",
        "What's the temperature of Hyderabad?",
        "One Positive case found in Sutarwadi, Pashan",
        "may 26 national science day switzerland",
        "What are the quarantine rules for incoming passengers in uttarakhand?",
        "Ndtv pranav Roy bjp funding detail share",
        "Ndtv advertisement details funding bjp",
        "Eclipse in June",
        "Maharashtra ban domestic air travel",
        "Kavi Nazrul Islam Birthday",
        "Equinox causes dehydration",
        "Aarogya Setu gets 2/5 on MIT's tracker index",
        "Sanitizer in car catches fire",
        "Can we eat chicken in this pandemic",
        "Porn usage due to lockdown",
        "How many people died from cyclone in india",
        "Can you board a flight from Pune to Delhi?",
        "Italy performed autopsy on covid-19 dead bodies",
        "Corona vaccination Bangladesh",
        "Mob looted 30000 mangoes in delhi",
        "Spicejet has flight from Singapore to Punjab on 27 may 2020",
        "Refused to eat food cooked by Dalit women",
        "Covid 19 does not spread through cargo, shopping carts",
        "UAE-based quantum physicists develop rapid COVID-19 laser test",
        "Dal scam in maharashtra",
        "Fake ventilator dgci",
        "Google deleted tiktok reviews",
        "Dr harshwardhan WHO chairman first activity",
        "Uppsc pcs 2018 mains exam",
        "Alcohol kills covid-19",
        "Interpol on Cerberus",
        "Starving man eating dog carcass in rajasthan",
        "Pimpri Chinchwad police clarifies about walking, main",
        "Pakistan aircraft crah reasons",
        "KKR investment in Jio: KKR to invest Rs 11,367 crore in Jio Platforms for 2.32% stake",
        "Migrant workers In Surat",
        "Amphan cyclone impact",
        "Tableeghi Jamaat spitting",
        "Four Persons Gang raped a child of 8 years in Tamil Nadu Names are Mohd.Noor",
        "Courier services allowed  lockdown 4",
        "Corona in orissa red zone",
        "Satyanweshi developed at IIT Kanpur",
        "Israel develops antibody for corona virus",
        "Virus Is From A Lab, Not Natural, Says Nitin Gadkari",
        "Lockdown extends in mumbai",
        "Mumbai in lockdown",
        "Cyclone amphan becomes super cyclone",
        "Irrfan khan died",
        "Serum institute of India covid vaccine by October?",
        "qatar cancelled air india flight",
        "CBSE syllabus reduced due to covid 19",
        "covid19 is real",
        "Coronavirus in India",
        "Home ministry told that Zoom app is not secure",
        "Australia is free from covid 19",
        "Haryana border covid",
        "Will mtech admission be postponed",
        "Sonu sood arranged buses for migrant workers",
        "India overtakes china in covid cases",
        "Kanpur covid-19 update",
        "chinese stock market unaffected",
        "Is anybody in Rabindrapally at Madhyamgram died of COVID 19 today?",
        "Kanika kapoor ill with corona",
        "UP bus politics",
        "apple investing 20 percent in india",
        "Chinese hackers stealing research on coronavirus vaccine: FBI",
        "government gives 20 lakh crore to citizen",
        "Kanpur in red zone",
        "web bengal CM refused to enter migrant workers",
        "Pm modi declares 20 lakh crore package",
        "Corona icmr prepares india vaccine",
        "researchers in london has developed AI based tool to detect COVID 19",
        "Revised guidelines for Home Isolation of very mild/pre-symptomatic COVID-19 cases",
        "indian minister says covid 19 is laboratory made",
        "may 26 national science day switzerland",
        "parrots feeding on grain sacks",
        "Orissa jajpur district red zone",
        "US claims discovery of COVID 19 vaccine",
        "Arvind kejriwal about to start metro",
        "Which country has no corona",
        "70 passengers delhi bangalore refused quarantine sent back extra bogie",
        "surat people come to street for food during lockdown",
        "Flipkart and Ola hand together",
        "India GDP declines due to corona",
        "Lockdown 4 announced by modi",
        "Ramayana got 77 million viewers",
        "Manmohan singh ill with corona",
        "Colleges to open in October",
        "China brings lockdown again",
        "overcrowded train takes migrant workers from mumbai to west bengal",
        "Dr Amit Balesa is corona positive posted in jaswantpura CHC in jalore district of Rajasthan",
        "Spicejet has flight from Singapore to Punjab on 27 may 2020",
        "UAE-based quantum physicists develop rapid COVID-19 laser test",
        "Italy performed autopsy on covid-19 dead bodies",
        "IIT KANPUR developing a vaccine for coronavirus",
        "Mob looted 30000 mangoes in delhi",
        "Migrant workers in gujarat are turning out violent",
        "Shocking video of a hungry man eating a dead dog's carcass on the road sparks outrage",
        "What are the quarantine rules for incoming passengers in uttarakhand?",
        "Ndtv pranav Roy bjp funding detail share",
        "OK then can you please tell me is RNA best chain of this virus is disappearing like SARS 1",
        "Dal scam in maharashtra",
        "amphan is the biggest super cyclone in the history of bay of bengal",
        "Ndtv advertisement details funding bjp",
        "Pakistan aircraft crah reasons",
        "why nurses left kolkata",
        "Kevin carter suicide vultures",
        "Equinox causes dehydration",
        "Tableeghi Jamaat spitting",
        "Amphan cyclone impact",
        "Migrant workers In Surat",
        "KKR investment in Jio: KKR to invest Rs 11,367 crore in Jio Platforms for 2.32% stake",
        "Karnataka corona free",
        "Corona vaccination Bangladesh",
        "Covid 19 does not spread through cargo, shopping carts",
        "When mineral development officer exam held ?",
        "Starving man eating dog carcass in rajasthan",
        "Pimpri Chinchwad police clarifies about walking, main",
        "Priyanka up bus fraud",
        "Porn usage due to lockdown",
        "Government plans to ease lockdown",
        "Lockdown extension in india",
        "Alcohol kills covid-19",
        "Karnataka lockdown",
        "Cerberus trojan CBI warning",
        "Lockdown 4.0 details",
        "Covid-19 is prepare in wuhan lab",
        "Army major dies in handwara",
        "Is the Event 201 anyway linked to the Covid-19?",
        "Covid-19 related suicide in india",
        "Isopropyl alcohol helps to kill corona on surface",
        "Kavi Nazrul Islam Birthday",
        "Low temperature is suitable for corona virus to spread more",
        "How many types of corana virus strain are there",
        "how much longer do covid 19 virus last in plastic packets",
        "Full rainbow in Gujarat",
        "Fake ventilator dgci",
        "Google deleted tiktok reviews",
        "Dr harshwardhan WHO chairman first activity",
        "Any herbalist who claim they can cure covid 19",
        "chickenpox vaccine discovered in 1995",
        "America will start war with China?",
        "30% salary cut for indian central govt employees",
        "Is Biswaroop Roy Chaudhwry a fraud",
        "is vaccine for chickenpox available",
        "Health minister says all 130 crore people cannot be tested.",
        "India Spy on Russia",
        "Seeking probe into who",
        "parrots feeding on grain sacks india lockdown",
        "Virus vaccine might be available sooner than expected, claims Oxford University professor",
        "US claims to have discovered vaccine of covid 19",
        "Does an 890 prefix in a bar code indicate that the product is made in India?",
        "Mamata banerjee not allowing trains to enter west bengal",
        "UP board result 2020.",
        "Chinese soldiers enter india",
        "25 lakh crore govt policy",
        "India us joint vaccine development",
        "India is under indefinite lockdown",
        "IITJEE deferred due to covid 19",
        "Coronavirus death rate in 5%",
        "Premiere League starting on June 12",
        "Apple to shift to india",
        "covid 19 made in laboratory in china",
        "is covid 19 man made",
        "Can we eat chicken in this pandemic",
        "Can you board a flight from Pune to Delhi?",
        "zee news employees infected by corona",
        "Honda giving free 372 scooters",
        "Police in Jodhpur kneeled.",
        "sports activities may start lockdown 4.0",
        "domestic flights india",
        "us new missile",
        "Amphan news death",
        "Aarogya Setu gets 2/5 on MIT's tracker index",
        "Sanitizer in car catches fire",
        "Cyclone hitting odisha",
        "Jodhpur cop kneeled.",
        "Maharashtra ban domestic air travel",
        "Eclipse in June",
        "Elephant died pineapple.",
        "Pregnant elephant dies.",
        "Pregnant elephant dies after eating pineapple crackers.",
        "Priyadarshini Hakim got appointed as director in CESC",
        "Kanika kapoor infected from corona",
        "Nirmala sitaraman insults migrants",
        "Upsc civil services Prelims postponed",
        "Pregnant elephant died pineapple.",
        "Maradona kicking juggling tennis ball.",
        "Corona virus is artificial",
        "N95 MUSK Vs. KN95 musk",
        "Difference between vipasana and dhyan",
        "N95 MUSK VS KN95MUSK",
        "Is Nepal supporting china?",
        "Nisarg is more dangerous than Alpam",
        "World going to be finished in 2020",
        "One Positive case found in Sutarwadi, Pashan",
        "Kim Jong dead",
        "Kim jong died",
        "Aviation minister has said international flights won't start until after August",
        "japanese noble laurette statement on corona virus",
        "Pregnant elephant dies in Kerala",
        "Mitron app removed",
        "Natasha stankovic is pregnant.",
        "Interpol on Cerberus",
        "20 minutes test kits for covid 19",
        "Is Bill gates involve in spreading of corona viruinvoles ???",
        "Do anything you want but give me money in ahmedabad",
        "Woman says do anything you want with me in Ahmedabad",
        "Ufo declassified by us",
        "Nifty drop to 6500",
        "Covid-19 vaccine found",
        "Gujarat rainbow seen",
        "20lakh crore relief package given by government",
        "Who is sohini",
        "Harvesting company",
        "Please go through Happy - Financial services company",
        "Do you know  souradip",
        "Anandabazar Patrika",
        "https://hindi.opindia.com/reports/media/main-conspirator-of-the-delhi-anti-hindu-riots-safoora-zargar-is-pregnant-and-the-liberal-gang-is-getting-busted-on-twitter/",
        "Nitin Srivastava is founder of greengine",
        "Greengine is located in Kanpur",
        "Priyanka Gandhi claim on buses",
        "Covid 19 treatment found",
        "Tukaram munde transferred to mumbai",
        "Akshay Kumar has donated 30 crore to pm care fund",
        "Pulwama attack today",
        "Refused to eat food cooked by Dalit women",
        "AirAsia I51621 ticket sold out",
        "Google purchased vodaphone",
        "Is samitri patra Hospitslized",
        "Uttrakhand wildfires is fake or not",
        "Ravish Kumar sharing the stage with Akhilesh Yadav and Mayawati",
        "about lockdown 4.0",
        "How many people died from cyclone in india",
        "the employer is not bound to provide ventilation, lighting, toilet, sitting facilities",
        "the employer is not bound to provide ventilation, lighting, water",
        "West Bengal 6th standard Rama was a foreigner",
        "Rama West Bengal rama was a foreigner",
        "Indian railways refunded ticket price after deducting cancellation charges",
        "IIT LAUNCHES A COVID 19 TEST BUS IN MUMBAI",
        "roaming and ram controversy bengal",
        "Guwhati shillong road landslide",
        "P.A.I.N.S positive attitude in negative situations dr apj abdul kalam",
        "Nisarg is more dangerous than Alpam",
        "World going to be finished in 2020",
        "Plague every 100 years",
        "Rahul Gandhi is a show-off",
        "Modi is best friend of Rahul Gandhi",
        "Modi is our prime minister",
        "Mamata Banerjee is lying people about bjp",
        "It mean we will never get rid of this virus",
        "P.A.I.N.S positive attitude in negative situations dr apj abdul kalam",
        "Nisarg is more dangerous than Alpam",
        "It mean we will never get rid of this virus",
        "World going to be finished in 2020",
        "Humans have 4 eyes",
        "amphan is the biggest super cyclone in the history of bay of bengal",
        "Bank account can be hacked without alert",
        "Kashmiri can't even use 4G internet atleast in this time of pandemic ! Sad !",
        "India corona rate is quadratic and not linear",
        "covid19 is real",
        "Mahatma Gandhi died",
        "Mahatma Gandhi dead",
        "Tomato is a fruit",
        "Amphan is deadly cyclone",
        "Corona Virus originated from Wuhan's Lab",
        "Sun rises in the east",
        "vitamin C cures coron",
        "There is no cure for Covid19",
        "India took money for chloroquine",
        "Aliens have visited earth",
        "April 1 is a christian propaganda to harm hindu",
        "Sun rises in the west",
        "China accuses us on HIV",
        "Coronavirus will last 1 year",
        "Bank account can be emptied without alert",
        "Deaths in india due to covid-19 is 200",
        "Baby walker bad for babies",
        "Rahul Gandhi is a show-off",
        "covid 19 is laboratory made",
        "NRC is anti constitutional",
        "China sells india bad equipments",
        "Modi is our prime minister",
        "Covid 19 came from bats",
        "Modi is best friend of Rahul Gandhi",
        "Nifty drop to 6500",
        "India Spy on Russia",
        "Mamata Banerjee is lying people about bjp",
        "Modi govt is best",
        "UpA 2 was worst",
        "Covid-19 is prepare in wuhan lab",
        "Modi does not spend 20 lakh crore",
        "Modi is prime minister of India",
        "UpA 2 was worst",
        "Nitin Srivastava is founder of greengine",
        "Fasting starts autophagy",
        "Narendra Modi best pm",
        "Kanpur is dirtiest city",
        "chickenpox vaccine discovered in 1995",
        "Earth is flat",
        "Messi is the best footballer in the world",
        "God exist",
        "Corona will never end",
        "Modi was responsible for Gujarat riots",
        "Corona will not affect youngster",
        "Corona virus is artificial",
        "Plague every 100 years",
        "COVID is a part of a biological warfare",
        "Earth's magnetic field messed up",
        "Difference between corona and covid",
        "What is co-morbidity in COVID19",
        "Tell me about corona",
        "What is an ideal indian diet for 8 month old baby",
        "Lockdown 4.0",
        "What's the temperature of Hyderabad?",
        "Economic package nirmala sitaraman",
        "Flight in india",
        "When IITs will reopen",
        "IIT JEE Mains Exam 2020",
        "How many people live in Odisha",
        "How much longer it will to invent covid 19 vaccine",
        "Is cure of coronavirus available?",
        "Will mtech admission be postponed",
        "UP Board result 2020",
        "Covid 19 protection measures",
        "Odisha cyclone",
        "How to remain protected against coronavirus",
        "Is 2020 a Dalton minima year?",
        "Haryana border covid",
        "University of Delhi End semester examination 2020",
        "How many covid-19 testing centre in Odisha",
        "Amphan supercyclon",
        "Is there a medicine for covid19",
        "What is the cause of covid19",
        "Vaccine available yet or not",
        "Cyclone Amphan",
        "Cyclone amphan in odisha",
        "Cyclone amphan",
        "When will the lockdown in Uttar Pradesh end?",
        "UP bus politics",
        "Revised guidelines for Home Isolation of very mild/pre-symptomatic COVID-19 cases",
        "what is the revised guideline for asymptomatic home isolation",
        "Indira Nehru tunas khan father in law",
        "BSF jawans covid 19 infection",
        "Pradip Sharma PIL case against Govt of India",
        "What's the mortality rate for COVID?",
        "Is anybody in Rabindrapally at Madhyamgram died of COVID 19 today?",
        "What is asymptomatic corona and how to identify it",
        "Did government paid for workers fare in shramik special trains?",
        "How can I protect a child from Covid-19?",
        "Can a person test negative and later test positive for Covid-19?",
        "can covid 19 be contracted from a person who has no symptoms",
        "What is the position of corona vaccine?",
        "What lifestyle to follow to stay safe from COVID-19",
        "What is the status of coronavirus spread in India",
        "What material is used to disinfect house by spraying",
        "What is asymptomatic corona and how to identify it",
        "What remedies of coronavirus available?",
        "What's the mortality rate for COVID?",
        "What is corona",
        "what are some symptoms of corona virus",
        "What are mutations of Covid-19?",
        "Mutations of Covid-19",
        "Test kits for covid 19",
        "Guwhati shillong road landslide",
        "Priyanka Gandhi claim on buses",
        "When mineral development officer exam held ?",
        "Migrant workers In Surat",
        "Amphan cyclone impact",
        "why nurses left kolkata",
        "Lockdown extension in india",
        "Lockdown 4.0 details",
        "Covid-19 related suicide in india",
        "Kavi Nazrul Islam Birthday",
        "How doea coronavirus spread",
        "how much longer do covid 19 virus last in plastic packets",
        "How many types of corana virus strain are there",
        "UP board result 2020.",
        "25 lakh crore govt policy",
        "Haryana border corona",
        "Uppsc pcs 2018 mains exam",
        "Did corona virus not survive in high temperature?",
        "Can houseflies be corona carrier?",
        "Size of coronavirus",
        "Some Facts about corona virus",
        "Tell me about corona",
        "Arsenicum album 30",
        "Ayurvedic covid medicine"
      ],
      "responses": [
        "news"
      ],
      "context_set": ""
    }
  ]
}
    
