Timestamp,Do you think that social scheduling should be done based on users’ urgency?,Are you convinced that IMPPreSS prioritizes based on users’ urgency (given that in this mechanism no individual gains by overstating their urgency)?,An urgent user may get allocated his/her most preferred time slot but will have to wait longer to access the shop again. An non-urgent user is allocated late but has to wait for very little after that to access the shop again. Do you think this gives equality to users of different urgency?,The classical scheduling or appointment apps currently available in the market always do a first-come-first-served allocation. Do you think they can capture the urgency of users’ needs?,Do you think IMPPreSS is superior to FCFS on the need-based priority aspect?,Do you think IMPPreSS maintains the recommended capacity of a store at any time for social distancing norms?,Would you like to see a mobile app that implements IMPPreSS for the users?
8/22/2020 17:53:59,Yes,Yes,Yes,Yes,Maybe,Yes,Yes
8/22/2020 18:02:07,Yes,Yes,Yes,No,Yes,Yes,Yes
8/22/2020 18:03:44,Yes,Yes,Maybe,No,Yes,Maybe,Yes
8/22/2020 18:06:21,Yes,Yes,Maybe,No,Yes,Yes,Yes
8/22/2020 18:07:58,Yes,Maybe,Maybe,No,Yes,Yes,Yes
8/22/2020 18:09:58,No,No,No,Maybe,Maybe,Maybe,No
8/22/2020 18:10:22,Yes,Yes,Maybe,No,Yes,Yes,Maybe
8/22/2020 18:17:01,Yes,Yes,Yes,No,Yes,Maybe,Yes
8/22/2020 18:17:59,Maybe,Yes,Maybe,No,Yes,Yes,Yes
8/22/2020 18:21:16,No,Yes,No,Yes,Yes,Yes,Yes
8/22/2020 18:21:42,No,Maybe,Yes,No,Maybe,Maybe,Yes
8/22/2020 18:24:59,Yes,Maybe,Maybe,No,Yes,Yes,Yes
8/22/2020 18:26:34,Yes,Yes,Yes,Maybe,Yes,Yes,Yes
8/22/2020 18:29:26,Yes,Yes,Yes,No,Yes,Maybe,Yes
8/22/2020 18:36:26,Yes,Yes,No,No,Yes,Yes,Yes
8/22/2020 18:45:10,Yes,Yes,Yes,No,Maybe,Maybe,Yes
8/22/2020 18:46:34,Yes,Yes,Maybe,No,Yes,Maybe,Yes
8/22/2020 18:52:07,Yes,Yes,Maybe,No,Yes,Yes,Yes
8/22/2020 18:53:09,Yes,Yes,Yes,Maybe,Yes,Maybe,Yes
8/22/2020 18:55:45,Yes,Maybe,Maybe,No,Yes,Yes,Maybe
8/22/2020 18:56:50,Yes,Yes,Maybe,No,Yes,Yes,Yes
8/22/2020 18:58:07,Yes,Yes,Maybe,No,Yes,No,Yes
8/22/2020 18:59:51,Yes,Yes,No,No,Yes,Yes,Yes
8/22/2020 19:07:00,Yes,Yes,Yes,No,Yes,Maybe,Maybe
8/22/2020 19:22:04,Yes,Maybe,No,No,Yes,Yes,Yes
8/22/2020 19:25:35,Yes,Yes,Yes,Maybe,Yes,Yes,Yes
8/22/2020 19:42:46,Yes,Yes,Maybe,Maybe,Yes,Yes,Yes
8/22/2020 19:47:52,Yes,No,Maybe,No,Yes,Maybe,Yes
8/22/2020 19:48:10,Yes,Yes,Yes,No,Yes,Yes,Yes
8/22/2020 19:56:11,Yes,Yes,Maybe,No,Yes,Maybe,Yes
8/22/2020 19:59:05,Yes,Yes,Yes,No,Yes,Yes,Yes
8/22/2020 20:11:47,Yes,Yes,Yes,No,Yes,Yes,Yes
8/22/2020 20:18:38,Yes,No,No,Maybe,Yes,No,No
8/22/2020 20:40:54,Yes,Yes,Yes,Yes,Yes,No,No
8/22/2020 20:50:48,Yes,Maybe,Yes,No,Yes,Yes,Yes
8/22/2020 21:03:46,Yes,Yes,Yes,No,Yes,Maybe,Yes
8/22/2020 21:28:14,Yes,Yes,Maybe,No,Yes,Yes,Yes
8/22/2020 21:48:07,Yes,Yes,No,Yes,Yes,Yes,Yes
8/22/2020 21:55:21,Yes,Yes,Maybe,No,Yes,No,Yes
8/22/2020 22:16:19,Yes,Maybe,Yes,Yes,Yes,Yes,Yes
8/22/2020 22:38:52,Maybe,Yes,No,No,Yes,Maybe,No
8/22/2020 23:12:20,Yes,Yes,Maybe,No,Yes,Yes,Yes
8/22/2020 23:15:49,Yes,Yes,Maybe,No,Yes,Yes,Yes
8/22/2020 23:18:37,Yes,Maybe,Yes,Maybe,Yes,Yes,Maybe
8/22/2020 23:54:09,Yes,Yes,Maybe,No,Yes,Yes,Yes
8/23/2020 0:04:45,Yes,Maybe,Yes,No,Yes,Yes,Yes
8/23/2020 0:11:22,Yes,Yes,Maybe,No,Yes,Yes,Yes
8/23/2020 1:19:51,Yes,Yes,Yes,Yes,Maybe,Maybe,Yes
8/23/2020 2:03:45,Maybe,Yes,No,No,Maybe,Maybe,Yes
8/23/2020 7:45:22,Yes,Maybe,No,No,Yes,No,Yes
8/23/2020 9:15:26,Yes,Yes,Yes,Yes,Maybe,Maybe,Maybe
8/23/2020 11:06:42,Yes,Yes,Maybe,No,Yes,Maybe,Yes
8/23/2020 12:32:32,Yes,Yes,Maybe,No,Yes,Yes,Yes
8/23/2020 14:03:46,Yes,Maybe,Yes,No,Maybe,Maybe,Yes
8/23/2020 14:51:09,No,No,No,Maybe,Maybe,Maybe,Yes
8/23/2020 15:18:55,Yes,Maybe,No,No,No,No,Yes
8/23/2020 15:50:49,Yes,Yes,Yes,Yes,Yes,Yes,Maybe
